,Ticker,Date,Open,High,Low,Close,Adj Close,Volume,% Change
0,A,2025-06-17,117.5,118.47000122070312,115.81999969482422,116.08999633789062,116.08999633789062,1577100,-0.012000031166888303
1,AAPL,2025-06-17,197.1999969482422,198.38999938964844,195.2100067138672,195.63999938964844,195.63999938964844,38736900,-0.007910738249165328
2,ABBV,2025-06-17,189.16000366210938,190.61000061035156,185.02999877929688,185.47999572753906,185.47999572753906,4732800,-0.01945447168178216
3,ABNB,2025-06-17,136.08999633789062,136.16000366210938,132.88999938964844,133.3699951171875,133.3699951171875,4663700,-0.019986782966396555
4,ABT,2025-06-17,133.6999969482422,134.00999450683594,132.14999389648438,132.27999877929688,132.27999877929688,5010800,-0.010620779366921185
5,ACGL,2025-06-17,90.5999984741211,90.5999984741211,88.94999694824219,90.1500015258789,90.1500015258789,1956700,-0.004966853817008898
6,ACN,2025-06-17,312.9700012207031,315.95001220703125,311.8500061035156,312.0299987792969,312.0299987792969,2533200,-0.0030034905509789267
7,ADBE,2025-06-17,397.2799987792969,399.6700134277344,381.79998779296875,382.67999267578125,382.67999267578125,6858800,-0.03674991479152323
8,ADI,2025-06-17,229.1999969482422,231.69000244140625,227.30999755859375,227.44000244140625,227.44000244140625,2726000,-0.0076788592071115325
9,ADM,2025-06-17,53.97999954223633,54.880001068115234,53.72999954223633,54.099998474121094,54.099998474121094,5309400,0.002223025804045653
10,ADP,2025-06-17,308.7699890136719,309.29998779296875,306.8500061035156,307.6199951171875,307.6199951171875,2356900,-0.0037244354613539254
11,ADSK,2025-06-17,298.3999938964844,300.5199890136719,295.80999755859375,296.8500061035156,296.8500061035156,1070000,-0.005194329171154255
12,AEE,2025-06-17,94.68000030517578,94.75,93.5,94.37999725341797,94.37999725341797,1409100,-0.003168600029476498
13,AEP,2025-06-17,102.04000091552734,102.04000091552734,100.72000122070312,101.62000274658203,101.62000274658203,2410900,-0.004116014946854096
14,AES,2025-06-17,11.4399995803833,11.4399995803833,10.399999618530273,10.529999732971191,10.529999732971191,28136900,-0.0795454441250617
15,AFL,2025-06-17,102.68000030517578,103.0,101.41000366210938,102.08999633789062,102.08999633789062,2056900,-0.005746045632368579
16,AIG,2025-06-17,85.11000061035156,85.77999877929688,83.66999816894531,84.22000122070312,84.22000122070312,3385300,-0.010457048328821106
17,AIZ,2025-06-17,199.07000732421875,199.41000366210938,197.00999450683594,198.27000427246094,198.27000427246094,303400,-0.004018702076274527
18,AJG,2025-06-17,314.3699951171875,318.1600036621094,313.2300109863281,316.1300048828125,316.1300048828125,958400,0.005598529735539648
19,AKAM,2025-06-17,79.5199966430664,79.72000122070312,78.44000244140625,78.68000030517578,78.68000030517578,3423100,-0.010563334674937641
20,ALB,2025-06-17,60.650001525878906,60.68000030517578,58.79999923706055,59.689998626708984,59.689998626708984,2559500,-0.01582857172328833
21,ALGN,2025-06-17,181.11000061035156,181.61000061035156,172.8800048828125,175.16000366210938,175.16000366210938,1432200,-0.03285294532709593
22,ALL,2025-06-17,198.74000549316406,199.3699951171875,197.0,198.19000244140625,198.19000244140625,1060800,-0.0027674501185255274
23,ALLE,2025-06-17,135.10000610351562,136.5399932861328,134.67999267578125,136.24000549316406,136.24000549316406,1199400,0.008438189031427124
24,AMAT,2025-06-17,176.27999877929688,178.32000732421875,174.05999755859375,174.08999633789062,174.08999633789062,6598500,-0.012423431226296633
25,AMCR,2025-06-17,9.119999885559082,9.1899995803833,9.0600004196167,9.069999694824219,9.069999694824219,21534900,-0.005482477123057383
26,AMD,2025-06-17,127.93000030517578,130.6999969482422,126.58000183105469,127.0999984741211,127.0999984741211,86436800,-0.00648793738040121
27,AME,2025-06-17,177.8300018310547,178.13999938964844,175.07000732421875,175.5500030517578,175.5500030517578,967900,-0.012821226766127847
28,AMGN,2025-06-17,294.4100036621094,295.79998779296875,289.6300048828125,290.04998779296875,290.04998779296875,2515100,-0.014809333293390958
29,AMP,2025-06-17,508.6199951171875,512.25,504.20001220703125,506.739990234375,506.739990234375,340900,-0.003696285833944324
30,AMT,2025-06-17,215.1199951171875,215.75999450683594,212.77999877929688,215.13999938964844,215.13999938964844,1659500,9.299122775652258e-05
31,AMZN,2025-06-17,215.1999969482422,217.41000366210938,214.55999755859375,214.82000732421875,214.82000732421875,32009100,-0.0017657510660412656
32,ANET,2025-06-17,94.30000305175781,94.697998046875,89.54000091552734,89.68000030517578,89.68000030517578,11787200,-0.048992604422783304
33,ANSS,2025-06-17,338.42999267578125,340.54998779296875,335.69000244140625,336.7900085449219,336.7900085449219,764900,-0.004845859310201539
34,AON,2025-06-17,348.5400085449219,351.5899963378906,346.70001220703125,350.80999755859375,350.80999755859375,1171300,0.006512850628392908
35,AOS,2025-06-17,63.900001525878906,64.43000030517578,63.02000045776367,63.22999954223633,63.22999954223633,1422100,-0.01048516381288711
36,APA,2025-06-17,20.719999313354492,21.34000015258789,20.399999618530273,20.780000686645508,20.780000686645508,11380800,0.0028958192702421837
37,APD,2025-06-17,279.67999267578125,280.3900146484375,277.010009765625,277.04998779296875,277.04998779296875,1154600,-0.009403621823822483
38,APH,2025-06-17,92.58999633789062,93.7300033569336,92.22000122070312,92.80000305175781,92.80000305175781,12654400,0.0022681361072831585
39,APO,2025-06-17,132.8800048828125,133.97000122070312,131.42999267578125,132.36000061035156,132.36000061035156,2185700,-0.003913337246785442
40,APTV,2025-06-17,68.76000213623047,69.30999755859375,67.37999725341797,67.5999984741211,67.5999984741211,2590000,-0.016870326149948656
41,ARE,2025-06-17,72.08999633789062,72.61000061035156,70.88999938964844,71.22000122070312,71.22000122070312,1370600,-0.012068180904182269
42,ATO,2025-06-17,151.85000610351562,152.50999450683594,150.67999267578125,152.3000030517578,152.3000030517578,511000,0.0029634305574899322
43,AVB,2025-06-17,207.14999389648438,207.82000732421875,205.02999877929688,206.3000030517578,206.3000030517578,681300,-0.004103262707076505
44,AVGO,2025-06-17,250.9499969482422,253.9600067138672,247.9199981689453,249.3699951171875,249.3699951171875,21984300,-0.006296082288379412
45,AVY,2025-06-17,175.3000030517578,176.07000732421875,173.7899932861328,173.9499969482422,173.9499969482422,749200,-0.007701118539724328
46,AWK,2025-06-17,140.47000122070312,141.1300048828125,138.3800048828125,140.9199981689453,140.9199981689453,1196400,0.0032035092498872153
47,AXON,2025-06-17,776.3900146484375,782.75,770.2000122070312,777.5399780273438,777.5399780273438,445600,0.0014811671417838124
48,AXP,2025-06-17,292.0899963378906,294.5899963378906,290.95001220703125,292.80999755859375,292.80999755859375,2625800,0.0024649978764428315
49,AZO,2025-06-17,3597.510009765625,3646.9599609375,3597.510009765625,3604.64990234375,3604.64990234375,138800,0.0019846762229274173
50,BA,2025-06-17,201.30999755859375,205.30999755859375,198.8699951171875,200.25999450683594,200.25999450683594,10824400,-0.005215851495165791
51,BAC,2025-06-17,44.27000045776367,44.66999816894531,44.060001373291016,44.22999954223633,44.22999954223633,27485200,-0.0009035670908905669
52,BALL,2025-06-17,55.709999084472656,55.90999984741211,55.20000076293945,55.310001373291016,55.310001373291016,3511800,-0.00717999852369644
53,BAX,2025-06-17,30.459999084472656,30.709999084472656,29.850000381469727,29.920000076293945,29.920000076293945,3364900,-0.01772813606071255
54,BBY,2025-06-17,70.41999816894531,70.69999694824219,69.20999908447266,69.38999938964844,69.38999938964844,4370400,-0.014626509600664805
55,BDX,2025-06-17,171.9499969482422,171.9499969482422,169.80999755859375,169.94000244140625,169.94000244140625,3781800,-0.01168941286716596
56,BEN,2025-06-17,22.600000381469727,22.729999542236328,22.290000915527344,22.350000381469727,22.350000381469727,2799000,-0.011061946715938187
57,BF-B,2025-06-17,25.899999618530273,26.15999984741211,25.530000686645508,25.809999465942383,25.809999465942383,6687100,-0.003474909417508276
58,BG,2025-06-17,86.31999969482422,87.48999786376953,85.22000122070312,85.69000244140625,85.69000244140625,2245800,-0.007298392674296328
59,BIIB,2025-06-17,130.27000427246094,130.6999969482422,126.48999786376953,126.55999755859375,126.55999755859375,1154600,-0.02847936280179797
60,BK,2025-06-17,90.04000091552734,90.54000091552734,89.16999816894531,89.7699966430664,89.7699966430664,3622100,-0.0029987146792040953
61,BKNG,2025-06-17,5312.509765625,5389.35986328125,5285.0,5301.0498046875,5301.0498046875,196200,-0.0021571651522699353
62,BKR,2025-06-17,39.34000015258789,40.02000045776367,39.04999923706055,39.599998474121094,39.599998474121094,7535700,0.006609006622388058
63,BLDR,2025-06-17,110.36000061035156,113.05000305175781,107.37999725341797,107.9800033569336,107.9800033569336,1926000,-0.021565759697855014
64,BLK,2025-06-17,975.8499755859375,980.4299926757812,965.6300048828125,969.1799926757812,969.1799926757812,624800,-0.006835049523008174
65,BMY,2025-06-17,48.400001525878906,48.560001373291016,47.15999984741211,47.22999954223633,47.22999954223633,12451400,-0.02417359394125207
66,BR,2025-06-17,237.6199951171875,239.7100067138672,237.3800048828125,238.75999450683594,238.75999450683594,456100,0.004797573491600371
67,BRK-B,2025-06-17,489.1099853515625,489.3999938964844,483.25,483.4800109863281,483.4800109863281,3947000,-0.01151065104750959
68,BRO,2025-06-17,106.54000091552734,108.81999969482422,106.30999755859375,108.12000274658203,108.12000274658203,4505600,0.014830127815630645
69,BSX,2025-06-17,101.31999969482422,102.41000366210938,101.19999694824219,101.7300033569336,101.7300033569336,6858000,0.004046621233165348
70,BX,2025-06-17,137.4600067138672,137.60000610351562,134.7899932861328,135.69000244140625,135.69000244140625,2660800,-0.012876503608393763
71,BXP,2025-06-17,73.20999908447266,73.22000122070312,71.52999877929688,71.73999786376953,71.73999786376953,1669000,-0.020079241074801524
72,C,2025-06-17,77.5,77.98999786376953,77.11000061035156,77.36000061035156,77.36000061035156,8063200,-0.0018064437373992437
73,CAG,2025-06-17,21.59000015258789,21.889999389648438,21.469999313354492,21.549999237060547,21.549999237060547,6165700,-0.0018527519798349212
74,CAH,2025-06-17,162.50999450683594,165.11000061035156,162.24000549316406,164.91000366210938,164.91000366210938,2176300,0.014768378785296798
75,CARR,2025-06-17,70.37000274658203,70.81999969482422,69.48999786376953,69.77999877929688,69.77999877929688,5685100,-0.008384310704234177
76,CAT,2025-06-17,360.7200012207031,362.3900146484375,357.0299987792969,357.67999267578125,357.67999267578125,1559300,-0.008427612925909989
77,CB,2025-06-17,285.3500061035156,286.54998779296875,282.6600036621094,283.79998779296875,283.79998779296875,983500,-0.0054319897578154475
78,CBOE,2025-06-17,225.11000061035156,226.14999389648438,223.97000122070312,225.41000366210938,225.41000366210938,519400,0.0013326953531358487
79,CBRE,2025-06-17,133.66000366210938,134.33999633789062,131.58999633789062,132.25999450683594,132.25999450683594,1238700,-0.010474406081961818
80,CCI,2025-06-17,99.02999877929688,99.5199966430664,98.13999938964844,98.80999755859375,98.80999755859375,1881200,-0.002221561379531334
81,CCL,2025-06-17,23.639999389648438,23.950000762939453,23.200000762939453,23.280000686645508,23.280000686645508,25088400,-0.015228371924601913
82,CDNS,2025-06-17,299.7900085449219,304.44000244140625,298.1300048828125,299.0,299.0,1130400,-0.002635206385817601
83,CDW,2025-06-17,171.47000122070312,173.6999969482422,170.41000366210938,170.8000030517578,170.8000030517578,1025700,-0.003907378341258316
84,CEG,2025-06-17,307.82000732421875,313.5400085449219,302.70001220703125,305.70001220703125,305.70001220703125,2155700,-0.0068871258097091825
85,CF,2025-06-17,102.0,102.87999725341797,100.83000183105469,102.4800033569336,102.4800033569336,3057300,0.0047059152640549495
86,CFG,2025-06-17,40.61000061035156,41.130001068115234,40.25,40.45000076293945,40.45000076293945,4319800,-0.0039399124601668944
87,CHD,2025-06-17,97.0,97.12999725341797,95.86000061035156,96.16000366210938,96.16000366210938,2847000,-0.008659756060728108
88,CHRW,2025-06-17,93.62000274658203,94.29000091552734,93.08000183105469,93.58999633789062,93.58999633789062,1050300,-0.0003205127943931574
89,CHTR,2025-06-17,375.1300048828125,378.4700012207031,370.5799865722656,373.6199951171875,373.6199951171875,1290700,-0.004025297219551138
90,CI,2025-06-17,313.29998779296875,315.6499938964844,311.1400146484375,312.510009765625,312.510009765625,1114500,-0.002521474810480262
91,CINF,2025-06-17,145.5500030517578,145.7899932861328,143.6300048828125,145.27000427246094,145.27000427246094,509300,-0.0019237291200695505
92,CL,2025-06-17,90.27999877929688,90.27999877929688,88.52999877929688,88.62999725341797,88.62999725341797,5143800,-0.01827649034325518
93,CLX,2025-06-17,123.30999755859375,124.11000061035156,121.9800033569336,122.0999984741211,122.0999984741211,1273800,-0.009812660031054632
94,CMCSA,2025-06-17,34.959999084472656,35.029998779296875,34.459999084472656,34.529998779296875,34.529998779296875,16398200,-0.01229978021843725
95,CME,2025-06-17,267.6000061035156,270.5199890136719,266.3999938964844,269.70001220703125,269.70001220703125,1795500,0.007847556261651567
96,CMG,2025-06-17,52.25,52.650001525878906,51.08000183105469,51.380001068115234,51.380001068115234,9959700,-0.016650697260952474
97,CMI,2025-06-17,319.70001220703125,320.05999755859375,314.2900085449219,314.79998779296875,314.79998779296875,619200,-0.01532694471994367
98,CMS,2025-06-17,69.63999938964844,69.69000244140625,68.73999786376953,69.12000274658203,69.12000274658203,2267800,-0.007466924865362712
99,CNC,2025-06-17,54.790000915527344,55.75,54.599998474121094,54.90999984741211,54.90999984741211,4359900,0.0021901611585986025
100,CNP,2025-06-17,36.040000915527344,36.09000015258789,35.59000015258789,35.720001220703125,35.720001220703125,4914800,-0.008879014614185277
101,COF,2025-06-17,195.89999389648438,197.0,193.1699981689453,193.9199981689453,193.9199981689453,4037600,-0.010107176055275002
102,COIN,2025-06-17,256.6300048828125,259.6300048828125,248.67999267578125,253.85000610351562,253.85000610351562,9012000,-0.010832711399301642
103,COO,2025-06-17,70.33999633789062,70.44999694824219,68.56999969482422,68.76000213623047,68.76000213623047,3224100,-0.02246224458230528
104,COP,2025-06-17,95.93000030517578,96.75,94.83000183105469,95.5,95.5,9467400,-0.004482438275907996
105,COR,2025-06-17,292.25,295.32000732421875,292.25,293.20001220703125,293.20001220703125,971500,0.0032506833431351634
106,COST,2025-06-17,983.0,986.0999755859375,976.2000122070312,977.719970703125,977.719970703125,1664800,-0.005371342112792443
107,CPAY,2025-06-17,329.29998779296875,333.4599914550781,326.7900085449219,327.3599853515625,327.3599853515625,448700,-0.005891292175285279
108,CPB,2025-06-17,32.150001525878906,32.400001525878906,31.809999465942383,31.81999969482422,31.81999969482422,4119400,-0.010264442158394727
109,CPRT,2025-06-17,48.209999084472656,48.47999954223633,47.70000076293945,48.0,48.0,10554400,-0.0043559238427841596
110,CPT,2025-06-17,116.05000305175781,116.30999755859375,115.33000183105469,115.9000015258789,115.9000015258789,635900,-0.0012925594307137134
111,CRL,2025-06-17,149.3800048828125,150.5399932861328,143.16000366210938,145.0500030517578,145.0500030517578,979200,-0.028986488750295192
112,CRM,2025-06-17,263.8500061035156,270.5,262.1000061035156,262.760009765625,262.760009765625,9106000,-0.004131121139572702
113,CRWD,2025-06-17,479.45001220703125,493.20001220703125,474.0,492.0299987792969,492.0299987792969,3393500,0.02623836948998437
114,CSCO,2025-06-17,65.63999938964844,66.1500015258789,65.0199966430664,65.33000183105469,65.33000183105469,18843100,-0.004722692892691227
115,CSGP,2025-06-17,81.73999786376953,81.97000122070312,79.7300033569336,79.88999938964844,79.88999938964844,3725400,-0.022632719873621254
116,CSX,2025-06-17,32.4900016784668,32.52000045776367,32.040000915527344,32.119998931884766,32.119998931884766,12951300,-0.011388203369261607
117,CTAS,2025-06-17,222.10000610351562,222.63999938964844,220.3000030517578,221.32000732421875,221.32000732421875,1451100,-0.0035119259696613225
118,CTRA,2025-06-17,26.790000915527344,26.920000076293945,26.40999984741211,26.690000534057617,26.690000534057617,5542900,-0.003732750207252389
119,CTSH,2025-06-17,79.87999725341797,80.5999984741211,79.55000305175781,79.70999908447266,79.70999908447266,2798600,-0.0021281694390398176
120,CTVA,2025-06-17,74.15499877929688,74.62999725341797,73.61499786376953,74.20999908447266,74.20999908447266,5042500,0.0007416938315847332
121,CVS,2025-06-17,67.7300033569336,68.5999984741211,66.66999816894531,67.08999633789062,67.08999633789062,6092900,-0.009449387085811334
122,CVX,2025-06-17,147.3300018310547,149.97999572753906,146.5,148.85000610351562,148.85000610351562,11317200,0.010317004368220584
123,CZR,2025-06-17,25.979999542236328,26.6200008392334,25.920000076293945,26.450000762939453,26.450000762939453,4224000,0.018090886412027496
124,D,2025-06-17,54.61000061035156,54.66999816894531,53.36000061035156,53.77000045776367,53.77000045776367,11059300,-0.015381800827679593
125,DAL,2025-06-17,48.5,48.939998626708984,47.04999923706055,47.31999969482422,47.31999969482422,9200400,-0.02432990319950068
126,DASH,2025-06-17,221.2899932861328,222.17999267578125,218.24000549316406,219.38999938964844,219.38999938964844,3155500,-0.008585991025936934
127,DAY,2025-06-17,57.7400016784668,58.04999923706055,56.689998626708984,56.869998931884766,56.869998931884766,1688700,-0.015067591293584703
128,DD,2025-06-17,67.55000305175781,68.06999969482422,66.9000015258789,67.13999938964844,67.13999938964844,2977000,-0.0060696320294052475
129,DE,2025-06-17,522.8900146484375,524.989990234375,519.9000244140625,523.1199951171875,523.1199951171875,862500,0.0004398257038904507
130,DECK,2025-06-17,103.36000061035156,104.18000030517578,101.8499984741211,102.61000061035156,102.61000061035156,1739000,-0.007256191907615839
131,DELL,2025-06-17,112.79000091552734,117.70999908447266,112.68000030517578,115.93000030517578,115.93000030517578,5965300,0.02783934182250869
132,DG,2025-06-17,112.98999786376953,113.86000061035156,112.0199966430664,113.31999969482422,113.31999969482422,2095400,0.002920628704255357
133,DGX,2025-06-17,181.0399932861328,182.25999450683594,178.3800048828125,178.9499969482422,178.9499969482422,871900,-0.01154439027506704
134,DHI,2025-06-17,123.31999969482422,126.33000183105469,119.54000091552734,119.91999816894531,119.91999816894531,3847800,-0.027570560608926153
135,DHR,2025-06-17,199.0,200.27999877929688,195.3699951171875,195.75,195.75,2968600,-0.01633165829145733
136,DIS,2025-06-17,118.98999786376953,119.33000183105469,117.6500015258789,118.12999725341797,118.12999725341797,9240000,-0.007227503368276156
137,DLR,2025-06-17,175.9199981689453,177.44000244140625,175.1300048828125,176.05999755859375,176.05999755859375,1183300,0.0007958128189269331
138,DLTR,2025-06-17,98.23999786376953,98.97000122070312,97.83000183105469,98.3499984741211,98.3499984741211,2714900,0.0011197130776010589
139,DOC,2025-06-17,17.09000015258789,17.200000762939453,16.950000762939453,17.010000228881836,17.010000228881836,4495400,-0.004681095552473757
140,DOV,2025-06-17,178.6300048828125,179.3800048828125,175.8300018310547,176.0800018310547,176.0800018310547,804700,-0.014275334389822758
141,DOW,2025-06-17,30.450000762939453,30.610000610351562,29.424999237060547,29.440000534057617,29.440000534057617,8843000,-0.03316913640642993
142,DPZ,2025-06-17,452.7699890136719,463.9700012207031,452.7699890136719,458.7799987792969,458.7799987792969,501900,0.01327386953962506
143,DRI,2025-06-17,224.38999938964844,226.97999572753906,223.08999633789062,224.77999877929688,224.77999877929688,2161500,0.0017380426521202974
144,DTE,2025-06-17,132.92999267578125,133.27999877929688,131.1999969482422,131.97000122070312,131.97000122070312,2064900,-0.007221782200948157
145,DUK,2025-06-17,115.62000274658203,115.68000030517578,113.66000366210938,114.79000091552734,114.79000091552734,2344100,-0.007178704474466224
146,DVA,2025-06-17,136.5800018310547,137.5,135.7899932861328,136.50999450683594,136.50999450683594,848800,-0.0005125737536989527
147,DVN,2025-06-17,35.08000183105469,35.47999954223633,34.58000183105469,34.709999084472656,34.709999084472656,10038300,-0.010547398154765353
148,DXCM,2025-06-17,82.66999816894531,83.3499984741211,81.61000061035156,81.83000183105469,81.83000183105469,2685600,-0.010160836536780793
149,EA,2025-06-17,151.0399932861328,151.07000732421875,149.52000427246094,150.3300018310547,150.3300018310547,2241300,-0.004700685160473395
150,EBAY,2025-06-17,77.44000244140625,77.69999694824219,77.02999877929688,77.4000015258789,77.4000015258789,5040800,-0.0005165407317440085
151,ECL,2025-06-17,263.6000061035156,264.8999938964844,260.5899963378906,261.3399963378906,261.3399963378906,967000,-0.00857363320673632
152,ED,2025-06-17,101.61000061035156,101.76000213623047,100.5,101.3499984741211,101.3499984741211,2844900,-0.0025588242758457502
153,EFX,2025-06-17,258.5299987792969,263.6400146484375,252.39999389648438,256.0,256.0,1454300,-0.009786093649645222
154,EG,2025-06-17,337.8299865722656,338.0199890136719,330.1600036621094,333.0199890136719,333.0199890136719,525000,-0.014237923659168206
155,EIX,2025-06-17,48.04999923706055,49.34000015258789,47.72999954223633,49.20000076293945,49.20000076293945,4216000,0.023933434841595602
156,EL,2025-06-17,73.0199966430664,75.23999786376953,71.75,74.79000091552734,74.79000091552734,6567600,0.02423999388979725
157,ELV,2025-06-17,375.7799987792969,379.04998779296875,374.5299987792969,375.19000244140625,375.19000244140625,1279700,-0.0015700578524859843
158,EMN,2025-06-17,76.48999786376953,76.72000122070312,75.1500015258789,75.16999816894531,75.16999816894531,1418300,-0.01725715429061936
159,EMR,2025-06-17,128.1300048828125,128.8699951171875,127.3499984741211,127.37000274658203,127.37000274658203,2788000,-0.0059314922911738455
160,ENPH,2025-06-17,36.130001068115234,36.310001373291016,33.0099983215332,34.91999816894531,34.91999816894531,34591200,-0.03349025362298563
161,EOG,2025-06-17,124.58999633789062,125.95999908447266,123.63999938964844,124.63999938964844,124.63999938964844,4563500,0.0004013408237224514
162,EPAM,2025-06-17,171.7100067138672,173.7899932861328,168.5399932861328,168.5800018310547,168.5800018310547,719300,-0.018228436086594857
163,EQIX,2025-06-17,890.3300170898438,898.7000122070312,883.4299926757812,886.760009765625,886.760009765625,604300,-0.004009757343560905
164,EQR,2025-06-17,69.37999725341797,69.37999725341797,68.44000244140625,68.7300033569336,68.7300033569336,1667400,-0.009368606546786173
165,EQT,2025-06-17,58.5,59.11000061035156,57.88999938964844,58.869998931884766,58.869998931884766,6881800,0.00632476806640625
166,ERIE,2025-06-17,355.3800048828125,356.0,349.42999267578125,351.45001220703125,351.45001220703125,127700,-0.011058564414948346
167,ES,2025-06-17,64.19000244140625,64.55999755859375,62.939998626708984,63.20000076293945,63.20000076293945,2568000,-0.015422988640177882
168,ESS,2025-06-17,285.1400146484375,285.9599914550781,282.0299987792969,283.5400085449219,283.5400085449219,334200,-0.0056112997871882175
169,ETN,2025-06-17,336.6300048828125,338.3500061035156,329.82000732421875,330.510009765625,330.510009765625,1870000,-0.018180183074642975
170,ETR,2025-06-17,81.52999877929688,81.62000274658203,80.68000030517578,80.9800033569336,80.9800033569336,1905200,-0.0067459270280639805
171,EVRG,2025-06-17,67.29000091552734,67.30000305175781,66.19000244140625,66.73999786376953,66.73999786376953,1657200,-0.008173622295655214
172,EW,2025-06-17,74.31999969482422,74.52999877929688,72.9800033569336,73.2699966430664,73.2699966430664,3037400,-0.014128135845928091
173,EXC,2025-06-17,42.75,42.75,42.2599983215332,42.38999938964844,42.38999938964844,3676700,-0.008421066908808506
174,EXE,2025-06-17,119.20999908447266,119.9800033569336,117.87999725341797,119.58999633789062,119.58999633789062,2600000,0.0031876290272321306
175,EXPD,2025-06-17,114.0999984741211,115.12000274658203,113.2300033569336,113.80999755859375,113.80999755859375,1092100,-0.002541638206885022
176,EXPE,2025-06-17,162.57000732421875,164.75999450683594,161.2899932861328,161.99000549316406,161.99000549316406,1397900,-0.0035677050189090176
177,EXR,2025-06-17,148.6699981689453,149.47999572753906,146.9199981689453,147.88999938964844,147.88999938964844,635800,-0.005246510990136066
178,F,2025-06-17,10.59000015258789,10.630000114440918,10.380000114440918,10.420000076293945,10.420000076293945,100932800,-0.016052887048580655
179,FANG,2025-06-17,153.07000732421875,156.02999877929688,151.11000061035156,152.92999267578125,152.92999267578125,3358900,-0.0009147098826547406
180,FAST,2025-06-17,42.09000015258789,42.29999923706055,41.349998474121094,41.54999923706055,41.54999923706055,4790000,-0.012829672453544605
181,FCX,2025-06-17,41.7400016784668,41.83000183105469,41.27000045776367,41.369998931884766,41.369998931884766,10290000,-0.008864464104056613
182,FDS,2025-06-17,417.6000061035156,424.94000244140625,417.6000061035156,423.70001220703125,423.70001220703125,520800,0.014607294095689172
183,FDX,2025-06-17,225.1199951171875,226.5399932861328,221.67999267578125,222.52999877929688,222.52999877929688,1778900,-0.011504959106552914
184,FE,2025-06-17,39.7599983215332,39.97999954223633,39.279998779296875,39.720001220703125,39.720001220703125,6457500,-0.0010059633430219428
185,FFIV,2025-06-17,288.55999755859375,292.260009765625,286.5799865722656,288.5899963378906,288.5899963378906,422200,0.00010396028399872748
186,FI,2025-06-17,164.1699981689453,165.33999633789062,163.27000427246094,163.44000244140625,163.44000244140625,2957800,-0.004446584246092455
187,FICO,2025-06-17,1799.949951171875,1819.800048828125,1776.3299560546875,1776.93994140625,1776.93994140625,208400,-0.012783694208077345
188,FIS,2025-06-17,80.77999877929688,81.18000030517578,80.30999755859375,80.44000244140625,80.44000244140625,2053900,-0.0042089173437541705
189,FITB,2025-06-17,38.220001220703125,38.470001220703125,37.880001068115234,38.11000061035156,38.11000061035156,4078500,-0.002878090184151416
190,FOX,2025-06-17,50.70000076293945,50.79999923706055,49.130001068115234,49.630001068115234,49.630001068115234,1185400,-0.021104530152322276
191,FOXA,2025-06-17,55.20000076293945,55.35499954223633,53.459999084472656,54.08000183105469,54.08000183105469,5924000,-0.02028983544211682
192,FRT,2025-06-17,95.33999633789062,96.38999938964844,94.75,95.19000244140625,95.19000244140625,591100,-0.001573252593306096
193,FSLR,2025-06-17,137.9499969482422,146.92999267578125,135.5,143.89999389648438,143.89999389648438,20617100,0.043131548241168716
194,FTNT,2025-06-17,101.52999877929688,104.5,101.30000305175781,102.87999725341797,102.87999725341797,4092600,0.01329654772335509
195,FTV,2025-06-17,70.25,70.70999908447266,69.45999908447266,69.5999984741211,69.5999984741211,1996000,-0.00925269075984203
196,GD,2025-06-17,280.0799865722656,281.8299865722656,277.3599853515625,281.29998779296875,281.29998779296875,984200,0.004355902882008822
197,GDDY,2025-06-17,175.77999877929688,179.32000732421875,174.3300018310547,178.0399932861328,178.0399932861328,1335500,0.01285694915536717
198,GE,2025-06-17,236.72999572753906,238.97000122070312,234.8800048828125,235.75,235.75,5720500,-0.004139719280301879
199,GEHC,2025-06-17,72.37000274658203,72.70999908447266,70.8949966430664,71.13999938964844,71.13999938964844,2918100,-0.016996038555376236
200,GEN,2025-06-17,29.8799991607666,30.1299991607666,29.610000610351562,29.770000457763672,29.770000457763672,4643500,-0.0036813489321432247
201,GEV,2025-06-17,486.7699890136719,494.0199890136719,481.6000061035156,488.6600036621094,488.6600036621094,2158600,0.003882767407800136
202,GILD,2025-06-17,110.29000091552734,110.69000244140625,107.73999786376953,108.0,108.0,7460400,-0.020763449963893676
203,GIS,2025-06-17,53.5,54.04999923706055,52.97999954223633,53.08000183105469,53.08000183105469,5867300,-0.007850433064398366
204,GL,2025-06-17,119.98999786376953,120.2699966430664,118.33999633789062,119.41000366210938,119.41000366210938,552200,-0.004833687907209172
205,GLW,2025-06-17,50.560001373291016,51.099998474121094,50.349998474121094,50.47999954223633,50.47999954223633,2981400,-0.0015823146535147714
206,GM,2025-06-17,48.869998931884766,49.25,48.25,48.279998779296875,48.279998779296875,9077900,-0.012072849713179568
207,GNRC,2025-06-17,125.41999816894531,126.38999938964844,123.94000244140625,124.01000213623047,124.01000213623047,622500,-0.011242194652367421
208,GOOG,2025-06-17,177.0,178.71499633789062,175.94000244140625,177.22999572753906,177.22999572753906,17627400,0.0012994108900512558
209,GOOGL,2025-06-17,175.6999969482422,177.36000061035156,174.5800018310547,175.9499969482422,175.9499969482422,24946300,0.0014228799336499787
210,GPC,2025-06-17,119.58000183105469,120.5999984741211,119.0999984741211,119.33000183105469,119.33000183105469,1210200,-0.0020906505784571427
211,GPN,2025-06-17,76.08000183105469,77.19000244140625,75.87999725341797,76.0,76.0,2110100,-0.001051548753013165
212,GRMN,2025-06-17,201.7899932861328,202.6999969482422,197.4600067138672,197.77999877929688,197.77999877929688,935200,-0.019872117747433915
213,GS,2025-06-17,624.7000122070312,631.6699829101562,623.0,624.6400146484375,624.6400146484375,1477200,-9.604219212644427e-05
214,GWW,2025-06-17,1069.199951171875,1076.6400146484375,1042.989990234375,1045.4599609375,1045.4599609375,287300,-0.02220350852836761
215,HAL,2025-06-17,23.280000686645508,23.5,22.959999084472656,23.010000228881836,23.010000228881836,20186100,-0.01159795746563519
216,HAS,2025-06-17,69.16000366210938,69.52999877929688,67.44999694824219,67.5,67.5,2892500,-0.024002365156305494
217,HBAN,2025-06-17,15.40999984741211,15.619999885559082,15.380000114440918,15.479999542236328,15.479999542236328,26820700,0.00454248510819899
218,HCA,2025-06-17,364.9700012207031,372.6400146484375,361.2900085449219,372.45001220703125,372.45001220703125,1334100,0.020494865225388237
219,HD,2025-06-17,351.94000244140625,354.2900085449219,347.4100036621094,348.7799987792969,348.7799987792969,4229100,-0.008978813548299214
220,HES,2025-06-17,143.25999450683594,145.47999572753906,142.1199951171875,144.30999755859375,144.30999755859375,2114900,0.0073293528690434595
221,HIG,2025-06-17,125.12999725341797,125.80999755859375,124.6500015258789,125.52999877929688,125.52999877929688,1313100,0.003196687722039959
222,HII,2025-06-17,230.0,234.47000122070312,227.0,234.0800018310547,234.0800018310547,544700,0.01773913839589003
223,HLT,2025-06-17,245.64999389648438,249.42999267578125,245.64999389648438,246.97000122070312,246.97000122070312,1648400,0.005373528829701435
224,HOLX,2025-06-17,64.73999786376953,65.12999725341797,63.959999084472656,64.13999938964844,64.13999938964844,3116200,-0.009267817329615236
225,HON,2025-06-17,223.60000610351562,224.1300048828125,221.47999572753906,221.7899932861328,221.7899932861328,3105400,-0.008094869266438542
226,HPE,2025-06-17,18.030000686645508,18.260000228881836,17.84000015258789,17.899999618530273,17.899999618530273,14022200,-0.007210264179941195
227,HPQ,2025-06-17,24.360000610351562,24.709999084472656,24.200000762939453,24.290000915527344,24.290000915527344,5796700,-0.002873550618651133
228,HRL,2025-06-17,30.15999984741211,30.389999389648438,29.979999542236328,30.059999465942383,30.059999465942383,2126300,-0.003315662532349384
229,HSIC,2025-06-17,70.30999755859375,70.94000244140625,69.58999633789062,70.16000366210938,70.16000366210938,1838200,-0.002133322453316433
230,HST,2025-06-17,15.550000190734863,15.760000228881836,15.40999984741211,15.569999694824219,15.569999694824219,7169400,0.0012861417263050345
231,HSY,2025-06-17,169.60000610351562,171.35000610351562,168.49000549316406,168.8699951171875,168.8699951171875,1262500,-0.00430430990599473
232,HUBB,2025-06-17,391.1650085449219,395.739990234375,389.9100036621094,391.2200012207031,391.2200012207031,529419,0.00014058689959473014
233,HUM,2025-06-17,234.44000244140625,244.9199981689453,234.44000244140625,241.4499969482422,241.4499969482422,3163900,0.029901017035639965
234,HWM,2025-06-17,171.47000122070312,172.9199981689453,170.8699951171875,172.1199951171875,172.1199951171875,1965400,0.0037907149463873857
235,IBM,2025-06-17,281.1499938964844,284.7900085449219,281.0,283.04998779296875,283.04998779296875,3068600,0.006757936822804789
236,ICE,2025-06-17,179.1999969482422,181.64999389648438,178.72000122070312,180.99000549316406,180.99000549316406,3230500,0.009988887139539937
237,IDXX,2025-06-17,526.8800048828125,526.8800048828125,513.9199829101562,520.5900268554688,520.5900268554688,430600,-0.011938160433214273
238,IEX,2025-06-17,178.75,179.9499969482422,175.6999969482422,175.99000549316406,175.99000549316406,652100,-0.015440528709571688
239,IFF,2025-06-17,76.41000366210938,76.83999633789062,74.70999908447266,75.02999877929688,75.02999877929688,1260900,-0.01806052632735078
240,INCY,2025-06-17,70.62000274658203,70.88999938964844,68.58999633789062,68.80999755859375,68.80999755859375,2018900,-0.02563020557339024
241,INTC,2025-06-17,20.6299991607666,21.479999542236328,20.6200008392334,20.799999237060547,20.799999237060547,87421100,0.00824043059668389
242,INTU,2025-06-17,768.4600219726562,769.6400146484375,761.6500244140625,764.9000244140625,764.9000244140625,1344500,-0.0046326385977180085
243,INVH,2025-06-17,33.43000030517578,33.60499954223633,33.2400016784668,33.529998779296875,33.529998779296875,3580400,0.0029912794857382963
244,IP,2025-06-17,46.029998779296875,46.40999984741211,45.68000030517578,45.93000030517578,45.93000030517578,3409600,-0.002172463106083544
245,IPG,2025-06-17,23.299999237060547,23.469999313354492,22.739999771118164,23.010000228881836,23.010000228881836,8201600,-0.012446309771437458
246,IQV,2025-06-17,157.4499969482422,158.99000549316406,153.22999572753906,154.10000610351562,154.10000610351562,2631000,-0.021276538009891377
247,IR,2025-06-17,80.83000183105469,81.7750015258789,80.41999816894531,80.63999938964844,80.63999938964844,1655900,-0.0023506425473474035
248,IRM,2025-06-17,102.06999969482422,103.2300033569336,101.63999938964844,102.7699966430664,102.7699966430664,1796400,0.006858008722789188
249,ISRG,2025-06-17,515.8099975585938,517.719970703125,508.989990234375,512.1099853515625,512.1099853515625,1506000,-0.00717320762401652
250,IT,2025-06-17,406.8399963378906,409.95001220703125,404.0,404.67999267578125,404.67999267578125,460000,-0.005309221515957918
251,ITW,2025-06-17,243.35000610351562,244.50999450683594,240.77000427246094,241.17999267578125,241.17999267578125,678700,-0.008917252407264376
252,IVZ,2025-06-17,14.729999542236328,14.819999694824219,14.460000038146973,14.520000457763672,14.520000457763672,3866500,-0.014256557433726447
253,J,2025-06-17,129.19000244140625,130.14999389648438,128.25,128.4600067138672,128.4600067138672,511700,-0.005650558973169351
254,JBHT,2025-06-17,141.24000549316406,142.74000549316406,138.60000610351562,139.08999633789062,139.08999633789062,957000,-0.015222380852834894
255,JBL,2025-06-17,185.19000244140625,203.89999389648438,185.0,196.88999938964844,196.88999938964844,6194000,0.06317834005074885
256,JCI,2025-06-17,104.44000244140625,104.87999725341797,103.5199966430664,103.83999633789062,103.83999633789062,3150900,-0.0057449836220776485
257,JKHY,2025-06-17,179.86000061035156,180.8000030517578,178.5800018310547,180.3300018310547,180.3300018310547,530800,0.002613150334194181
258,JNJ,2025-06-17,154.97000122070312,155.27999877929688,152.10000610351562,152.3800048828125,152.3800048828125,6406300,-0.016712888413816573
259,JNPR,2025-06-17,35.959999084472656,36.06999969482422,35.849998474121094,35.93000030517578,35.93000030517578,1843600,-0.0008342263643111858
260,JPM,2025-06-17,268.1700134277344,270.5899963378906,267.79998779296875,269.5199890136719,269.5199890136719,6738100,0.00503402885610571
261,K,2025-06-17,80.19999694824219,80.5,80.19999694824219,80.2300033569336,80.2300033569336,2638200,0.00037414476101260696
262,KDP,2025-06-17,33.02000045776367,33.18000030517578,32.75,32.869998931884766,32.869998931884766,9893300,-0.004542747540866143
263,KEY,2025-06-17,15.829999923706055,15.9399995803833,15.65999984741211,15.729999542236328,15.729999542236328,13935100,-0.006317143521900603
264,KEYS,2025-06-17,161.0800018310547,163.33999633789062,160.41000366210938,160.49000549316406,160.49000549316406,583500,-0.003662753483883341
265,KHC,2025-06-17,25.81999969482422,26.104999542236328,25.690000534057617,25.75,25.75,13992000,-0.002711064897427229
266,KIM,2025-06-17,20.90999984741211,21.020000457763672,20.690000534057617,20.780000686645508,20.780000686645508,3066300,-0.006217080904603156
267,KKR,2025-06-17,122.05000305175781,122.83000183105469,119.83999633789062,121.05999755859375,121.05999755859375,3063500,-0.00811147454657768
268,KLAC,2025-06-17,890.0,914.8300170898438,887.719970703125,893.0,893.0,1334000,0.003370786516853963
269,KMB,2025-06-17,130.3000030517578,130.33999633789062,128.7899932861328,128.92999267578125,128.92999267578125,2883000,-0.010514277389789162
270,KMI,2025-06-17,27.829999923706055,27.920000076293945,27.43000030517578,27.469999313354492,27.469999313354492,12720500,-0.01293570288675816
271,KMX,2025-06-17,65.33000183105469,65.66999816894531,64.20999908447266,64.43000030517578,64.43000030517578,3580100,-0.013776236042459256
272,KO,2025-06-17,70.37999725341797,70.45999908447266,69.58000183105469,69.62000274658203,69.62000274658203,15429400,-0.010798444678811525
273,KR,2025-06-17,66.01000213623047,66.36000061035156,65.61000061035156,65.94999694824219,65.94999694824219,7032900,-0.0009090317534673487
274,KVUE,2025-06-17,21.600000381469727,21.81999969482422,21.420000076293945,21.440000534057617,21.440000534057617,17940300,-0.00740740021233377
275,L,2025-06-17,88.12999725341797,88.7699966430664,87.83000183105469,88.2699966430664,88.2699966430664,1202800,0.0015885554749974773
276,LDOS,2025-06-17,148.05999755859375,149.9199981689453,147.1199951171875,149.38999938964844,149.38999938964844,1201000,0.00898285730775017
277,LEN,2025-06-17,113.98999786376953,114.20999908447266,104.38999938964844,104.61000061035156,104.61000061035156,8173500,-0.0822878974401604
278,LH,2025-06-17,262.19000244140625,262.989990234375,259.0299987792969,259.45001220703125,259.45001220703125,659700,-0.01045039936252845
279,LHX,2025-06-17,249.27000427246094,251.5,247.0399932861328,250.86000061035156,250.86000061035156,1369000,0.0063786107860484
280,LII,2025-06-17,538.0399780273438,546.5900268554688,536.6900024414062,537.469970703125,537.469970703125,351500,-0.0010594144440876363
281,LIN,2025-06-17,465.07000732421875,465.57000732421875,460.20001220703125,460.8999938964844,460.8999938964844,1272700,-0.008966420887312365
282,LKQ,2025-06-17,38.0099983215332,38.0099983215332,37.099998474121094,37.150001525878906,37.150001525878906,1720000,-0.02262554153197882
283,LLY,2025-06-17,805.1599731445312,805.1599731445312,788.9400024414062,791.239990234375,791.239990234375,2873700,-0.017288468595615947
284,LMT,2025-06-17,470.760009765625,481.5799865722656,467.5,479.3399963378906,479.3399963378906,2179200,0.018225818664030724
285,LNT,2025-06-17,60.33000183105469,60.40999984741211,59.619998931884766,60.09000015258789,60.09000015258789,1812200,-0.003978148038829565
286,LOW,2025-06-17,215.0500030517578,215.77999877929688,211.1199951171875,211.9199981689453,211.9199981689453,2518100,-0.01455477720713716
287,LRCX,2025-06-17,93.33999633789062,95.0199966430664,92.55000305175781,92.66000366210938,92.66000366210938,10227400,-0.007285115732377778
288,LULU,2025-06-17,240.82000732421875,241.3000030517578,234.58999633789062,235.1999969482422,235.1999969482422,3380200,-0.023336974524754805
289,LUV,2025-06-17,31.700000762939453,31.979999542236328,31.15999984741211,31.440000534057617,31.440000534057617,12669000,-0.008201899767327547
290,LVS,2025-06-17,42.220001220703125,42.849998474121094,41.540000915527344,41.75,41.75,4156000,-0.01113219344182903
291,LW,2025-06-17,54.88999938964844,55.349998474121094,53.790000915527344,53.95000076293945,53.95000076293945,2076700,-0.017125134581186696
292,LYB,2025-06-17,60.97999954223633,61.38999938964844,59.52000045776367,59.59000015258789,59.59000015258789,3985800,-0.02279434896823318
293,LYV,2025-06-17,141.5800018310547,145.6999969482422,141.13999938964844,145.58999633789062,145.58999633789062,2874000,0.02832317032755105
294,MA,2025-06-17,564.719970703125,571.2899780273438,564.0,569.4500122070312,569.4500122070312,2246100,0.00837590620005324
295,MAA,2025-06-17,149.64999389648438,150.57000732421875,148.60000610351562,148.99000549316406,148.99000549316406,840600,-0.004410213366108362
296,MAR,2025-06-17,255.5,259.44000244140625,255.0,256.20001220703125,256.20001220703125,1187100,0.002739773804427692
297,MAS,2025-06-17,61.720001220703125,62.56999969482422,60.84000015258789,61.119998931884766,61.119998931884766,2779800,-0.009721358991436557
298,MCD,2025-06-17,296.0,296.010009765625,291.7900085449219,292.30999755859375,292.30999755859375,3376700,-0.012466224464210307
299,MCHP,2025-06-17,67.58000183105469,68.75,67.23999786376953,67.69000244140625,67.69000244140625,6921800,0.0016277094905465805
300,MCK,2025-06-17,719.5700073242188,728.4600219726562,717.2999877929688,724.3800048828125,724.3800048828125,591000,0.006684544255089353
301,MCO,2025-06-17,473.05999755859375,475.6300048828125,470.1199951171875,471.2300109863281,471.2300109863281,417000,-0.0038684027009469046
302,MDLZ,2025-06-17,66.98999786376953,67.19000244140625,65.9000015258789,66.3499984741211,66.3499984741211,7817700,-0.009553655919648407
303,MDT,2025-06-17,88.11000061035156,88.13999938964844,85.95999908447266,86.16999816894531,86.16999816894531,6939100,-0.02201795968638698
304,MET,2025-06-17,78.1500015258789,78.73999786376953,77.4000015258789,77.8499984741211,77.8499984741211,2350800,-0.003838810568141393
305,META,2025-06-17,702.0,705.969970703125,696.0599975585938,697.22998046875,697.22998046875,10033900,-0.006794899617165284
306,MGM,2025-06-17,34.0,34.08000183105469,33.33000183105469,33.56999969482422,33.56999969482422,5312100,-0.012647067799287703
307,MHK,2025-06-17,102.11000061035156,104.0199966430664,98.3499984741211,98.43000030517578,98.43000030517578,1441700,-0.03603956794808516
308,MKC,2025-06-17,73.73999786376953,74.13999938964844,72.73999786376953,72.95999908447266,72.95999908447266,1796500,-0.010577689203868368
309,MKTX,2025-06-17,225.00999450683594,225.58999633789062,222.19000244140625,223.5,223.5,307900,-0.006710788603614959
310,MLM,2025-06-17,540.3800048828125,545.4299926757812,539.8900146484375,541.3900146484375,541.3900146484375,329100,0.0018690731642523328
311,MMC,2025-06-17,217.0,217.0,215.1999969482422,216.02999877929688,216.02999877929688,3220500,-0.004470051708309386
312,MMM,2025-06-17,144.05999755859375,144.8800048828125,141.97000122070312,142.2100067138672,142.2100067138672,1739900,-0.01284180810827873
313,MNST,2025-06-17,63.709999084472656,63.84000015258789,62.63999938964844,62.779998779296875,62.779998779296875,12008000,-0.014597399443417092
314,MO,2025-06-17,58.810001373291016,59.380001068115234,58.40999984741211,58.9900016784668,58.9900016784668,7220700,0.0030607090796215264
315,MOH,2025-06-17,289.2900085449219,295.5,289.2900085449219,292.3999938964844,292.3999938964844,521900,0.010750407064541223
316,MOS,2025-06-17,35.90999984741211,36.38999938964844,35.790000915527344,36.15999984741211,36.15999984741211,4874200,0.006961849096694284
317,MPC,2025-06-17,168.36000061035156,171.33999633789062,166.25,170.0800018310547,170.0800018310547,3847000,0.010216210587239427
318,MPWR,2025-06-17,700.0,710.72998046875,689.8200073242188,690.8699951171875,690.8699951171875,430100,-0.013042864118303577
319,MRK,2025-06-17,80.27999877929688,80.69999694824219,78.19000244140625,78.27999877929688,78.27999877929688,14020400,-0.024912805560676876
320,MRNA,2025-06-17,25.799999237060547,26.34000015258789,25.440000534057617,25.549999237060547,25.549999237060547,8324300,-0.009689922767163739
321,MS,2025-06-17,129.83999633789062,131.1699981689453,129.66000366210938,130.08999633789062,130.08999633789062,4767200,0.0019254467579421508
322,MSCI,2025-06-17,543.5,549.2999877929688,543.5,548.5499877929688,548.5499877929688,414800,0.00929160587482758
323,MSFT,2025-06-17,475.3999938964844,478.739990234375,474.0799865722656,478.0400085449219,478.0400085449219,15384700,0.005553249226613044
324,MSI,2025-06-17,407.2900085449219,408.5199890136719,404.0299987792969,406.4100036621094,406.4100036621094,842800,-0.002160634595374411
325,MTB,2025-06-17,178.58999633789062,180.3699951171875,177.39999389648438,178.3300018310547,178.3300018310547,1109400,-0.001455817863079134
326,MTCH,2025-06-17,30.40999984741211,30.65999984741211,29.985000610351562,30.270000457763672,30.270000457763672,4263200,-0.004603728719201228
327,MTD,2025-06-17,1166.52001953125,1177.9599609375,1147.0699462890625,1150.5699462890625,1150.5699462890625,144100,-0.013673210039375716
328,MU,2025-06-17,119.5999984741211,123.51000213623047,119.3499984741211,120.33999633789062,120.33999633789062,20786900,0.006187273187379327
329,NCLH,2025-06-17,18.31999969482422,18.6299991607666,18.049999237060547,18.1299991607666,18.1299991607666,12356800,-0.010371208363682216
330,NDAQ,2025-06-17,86.30000305175781,86.83999633789062,85.69999694824219,85.94999694824219,85.94999694824219,4641200,-0.004055690511455823
331,NDSN,2025-06-17,215.9600067138672,219.0399932861328,213.3699951171875,214.1199951171875,214.1199951171875,530900,-0.008520149747529793
332,NEE,2025-06-17,73.33000183105469,73.62000274658203,70.44999694824219,71.86000061035156,71.86000061035156,12970400,-0.020046381890046372
333,NEM,2025-06-17,58.380001068115234,58.810001373291016,58.060001373291016,58.52000045776367,58.52000045776367,11616900,0.002398071036091576
334,NFLX,2025-06-17,1219.949951171875,1232.3599853515625,1216.0899658203125,1220.6700439453125,1220.6700439453125,1890200,0.0005902641930071173
335,NI,2025-06-17,39.36000061035156,39.400001525878906,38.959999084472656,39.279998779296875,39.279998779296875,4397600,-0.002032566814382797
336,NKE,2025-06-17,61.29999923706055,61.29999923706055,59.68000030517578,60.0,60.0,13632400,-0.02120716563197933
337,NOC,2025-06-17,502.0,505.8500061035156,498.05999755859375,503.9700012207031,503.9700012207031,761800,0.003924305220524227
338,NOW,2025-06-17,1003.8499755859375,1012.0,999.3400268554688,1004.9099731445312,1004.9099731445312,819800,0.001055932245229263
339,NRG,2025-06-17,153.60000610351562,154.58999633789062,150.13999938964844,152.0800018310547,152.0800018310547,2532100,-0.009895860755608
340,NSC,2025-06-17,250.8000030517578,252.77999877929688,249.38999938964844,250.4199981689453,250.4199981689453,1333300,-0.0015151709656641144
341,NTAP,2025-06-17,103.56999969482422,104.63999938964844,102.44999694824219,103.19999694824219,103.19999694824219,2124500,-0.0035724895980715488
342,NTRS,2025-06-17,110.22000122070312,111.02999877929688,109.0,109.62999725341797,109.62999725341797,1817300,-0.005352966437586426
343,NUE,2025-06-17,121.83000183105469,123.44999694824219,120.4000015258789,122.19999694824219,122.19999694824219,1855500,0.0030369786721384795
344,NVDA,2025-06-17,144.49000549316406,145.22000122070312,143.77999877929688,144.1199951171875,144.1199951171875,138340800,-0.0025608025601056017
345,NVR,2025-06-17,7177.64013671875,7291.83984375,6966.4599609375,6992.93017578125,6992.93017578125,23600,-0.025734079365803963
346,NWS,2025-06-17,32.18000030517578,32.25,31.729999542236328,31.84000015258789,31.84000015258789,740600,-0.010565573317698362
347,NWSA,2025-06-17,28.190000534057617,28.280000686645508,27.610000610351562,27.760000228881836,27.760000228881836,3432400,-0.015253646577845115
348,NXPI,2025-06-17,213.0500030517578,217.27000427246094,212.5800018310547,212.8300018310547,212.8300018310547,2202200,-0.001032627165227895
349,O,2025-06-17,57.400001525878906,57.75,57.09000015258789,57.529998779296875,57.529998779296875,4270200,0.0022647604523033937
350,ODFL,2025-06-17,160.5,160.5,156.05999755859375,156.6699981689453,156.6699981689453,1298800,-0.0238629397573501
351,OKE,2025-06-17,82.68000030517578,83.19999694824219,81.16999816894531,81.36000061035156,81.36000061035156,3513800,-0.01596516315858776
352,OMC,2025-06-17,70.02999877929688,70.63999938964844,68.37000274658203,69.22000122070312,69.22000122070312,5617600,-0.011566436851534134
353,ON,2025-06-17,53.279998779296875,55.0099983215332,52.650001525878906,52.939998626708984,52.939998626708984,8774300,-0.006381384391472733
354,ORCL,2025-06-17,210.66000366210938,215.8800048828125,207.47999572753906,208.17999267578125,208.17999267578125,17776100,-0.01177257639426399
355,ORLY,2025-06-17,87.91000366210938,89.58000183105469,87.69999694824219,88.80000305175781,88.80000305175781,5591200,0.010123983080119414
356,OTIS,2025-06-17,95.73999786376953,96.22000122070312,95.23999786376953,95.3499984741211,95.3499984741211,1925500,-0.004073526199607547
357,OXY,2025-06-17,45.97999954223633,46.709999084472656,45.41999816894531,45.97999954223633,45.97999954223633,16009300,0.0
358,PANW,2025-06-17,197.99000549316406,202.75,197.5,202.0500030517578,202.0500030517578,4129800,0.020506073266076674
359,PARA,2025-06-17,11.9399995803833,12.010000228881836,11.850000381469727,11.970000267028809,11.970000267028809,10746300,0.002512620410372257
360,PAYC,2025-06-17,245.14999389648438,246.67999267578125,241.72000122070312,241.72999572753906,241.72999572753906,561200,-0.013950635342007911
361,PAYX,2025-06-17,153.6699981689453,154.2899932861328,151.92999267578125,152.52000427246094,152.52000427246094,1567100,-0.007483529056986571
362,PCAR,2025-06-17,92.4800033569336,92.94999694824219,90.94000244140625,91.0999984741211,91.0999984741211,2494800,-0.01492219758563662
363,PCG,2025-06-17,13.59000015258789,13.630000114440918,13.34000015258789,13.550000190734863,13.550000190734863,28328100,-0.0029433378516490194
364,PEG,2025-06-17,80.80000305175781,81.55999755859375,80.0,81.04000091552734,81.04000091552734,2940600,0.002970270479021986
365,PEP,2025-06-17,131.16000366210938,131.69000244140625,129.1300048828125,129.2899932861328,129.2899932861328,10230900,-0.014257474258646985
366,PFE,2025-06-17,24.270000457763672,24.31999969482422,23.90999984741211,24.0,24.0,40391200,-0.011124864139724466
367,PFG,2025-06-17,76.55000305175781,76.80999755859375,75.30999755859375,75.80000305175781,75.80000305175781,1098100,-0.00979751757152647
368,PG,2025-06-17,160.05999755859375,160.3699951171875,158.30999755859375,158.52000427246094,158.52000427246094,6792500,-0.009621350178823151
369,PGR,2025-06-17,265.510009765625,266.8500061035156,262.8999938964844,265.7699890136719,265.7699890136719,2494100,0.000979169291117854
370,PH,2025-06-17,658.7100219726562,662.8300170898438,651.75,652.2100219726562,652.2100219726562,622800,-0.009867771527954372
371,PHM,2025-06-17,102.54000091552734,104.05000305175781,98.31999969482422,98.72000122070312,98.72000122070312,1953300,-0.03725375132355557
372,PKG,2025-06-17,189.08999633789062,189.3000030517578,186.0399932861328,186.35000610351562,186.35000610351562,794500,-0.01449040291628556
373,PLD,2025-06-17,105.44000244140625,106.19000244140625,104.30000305175781,105.08999633789062,105.08999633789062,3068100,-0.003319481178029382
374,PLTR,2025-06-17,141.48500061035156,141.69000244140625,136.0800018310547,138.1999969482422,138.1999969482422,70249800,-0.02321803475943185
375,PM,2025-06-17,182.6199951171875,184.5399932861328,181.6300048828125,183.4600067138672,183.4600067138672,7427900,0.004599778880404859
376,PNC,2025-06-17,173.5399932861328,174.99000549316406,172.8800048828125,173.1999969482422,173.1999969482422,1422200,-0.001959181462742321
377,PNR,2025-06-17,96.88999938964844,97.69999694824219,95.83000183105469,96.2300033569336,96.2300033569336,1400100,-0.006811807584605645
378,PNW,2025-06-17,88.88999938964844,89.08000183105469,87.58000183105469,88.83999633789062,88.83999633789062,1067700,-0.000562527304546645
379,PODD,2025-06-17,303.6400146484375,305.9200134277344,300.6099853515625,304.3900146484375,304.3900146484375,591800,0.002470030179877236
380,POOL,2025-06-17,287.8599853515625,290.3800048828125,282.2200012207031,285.5,285.5,724500,-0.00819837932208689
381,PPG,2025-06-17,108.19999694824219,108.98999786376953,107.23999786376953,107.54000091552734,107.54000091552734,1585100,-0.006099778662937982
382,PPL,2025-06-17,33.599998474121094,33.65999984741211,33.290000915527344,33.45000076293945,33.45000076293945,2876100,-0.0044642177974254516
383,PRU,2025-06-17,104.05999755859375,104.91999816894531,103.0199966430664,103.38999938964844,103.38999938964844,1897000,-0.006438575674269531
384,PSA,2025-06-17,293.82000732421875,296.2900085449219,292.0,293.6600036621094,293.6600036621094,585700,-0.0005445635359092593
385,PSX,2025-06-17,124.5,125.76000213623047,123.5999984741211,124.54000091552734,124.54000091552734,5513800,0.0003212924941955464
386,PTC,2025-06-17,171.75,172.32000732421875,167.30999755859375,167.52999877929688,167.52999877929688,878900,-0.024570603905112787
387,PWR,2025-06-17,356.79998779296875,361.6400146484375,353.69000244140625,358.6199951171875,358.6199951171875,876400,0.005100917563020779
388,PYPL,2025-06-17,71.91999816894531,72.0999984741211,70.46499633789062,70.66999816894531,70.66999816894531,7365900,-0.017380423134378598
389,QCOM,2025-06-17,156.64999389648438,157.5800018310547,154.38999938964844,154.4600067138672,154.4600067138672,7142400,-0.013980129383626694
390,RCL,2025-06-17,262.5199890136719,266.79998779296875,261.010009765625,262.3699951171875,262.3699951171875,1365600,-0.0005713618115249508
391,REG,2025-06-17,70.29000091552734,70.95999908447266,69.80000305175781,70.13999938964844,70.13999938964844,1390900,-0.0021340378990629683
392,REGN,2025-06-17,519.27001953125,523.010009765625,508.70001220703125,508.8599853515625,508.8599853515625,889900,-0.02004743926692465
393,RF,2025-06-17,21.469999313354492,21.690000534057617,21.399999618530273,21.540000915527344,21.540000915527344,11073100,0.003260438025692425
394,RJF,2025-06-17,148.0,149.30999755859375,147.10000610351562,147.57000732421875,147.57000732421875,963600,-0.0029053559174408994
395,RL,2025-06-17,267.6199951171875,268.79998779296875,263.9700012207031,265.42999267578125,265.42999267578125,848500,-0.008183254171450383
396,RMD,2025-06-17,250.4199981689453,252.8300018310547,248.72000122070312,250.08999633789062,250.08999633789062,668500,-0.0013177934408898917
397,ROK,2025-06-17,320.92999267578125,324.19000244140625,319.75,320.4100036621094,320.4100036621094,559800,-0.0016202568333872902
398,ROL,2025-06-17,56.560001373291016,56.9900016784668,56.08000183105469,56.40999984741211,56.40999984741211,1856300,-0.002652077833041555
399,ROP,2025-06-17,565.3200073242188,565.9099731445312,559.5700073242188,562.5800170898438,562.5800170898438,454900,-0.004846795087518618
400,ROST,2025-06-17,130.25999450683594,131.0500030517578,128.39999389648438,129.0500030517578,129.0500030517578,3971400,-0.009289048872289207
401,RSG,2025-06-17,247.75,250.24000549316406,246.49000549316406,248.97999572753906,248.97999572753906,1211800,0.004964664894204107
402,RTX,2025-06-17,147.42999267578125,149.17999267578125,145.80999755859375,148.47999572753906,148.47999572753906,7243400,0.007122045064920535
403,RVTY,2025-06-17,95.37000274658203,95.77999877929688,93.9000015258789,94.16000366210938,94.16000366210938,1157300,-0.012687417947212176
404,SBAC,2025-06-17,229.3800048828125,230.7100067138672,227.2100067138672,228.52000427246094,228.52000427246094,821700,-0.0037492396549164697
405,SBUX,2025-06-17,93.16000366210938,93.20999908447266,90.79000091552734,91.58999633789062,91.58999633789062,6180600,-0.01685280444935522
406,SCHW,2025-06-17,88.62000274658203,89.31999969482422,88.41999816894531,88.95999908447266,88.95999908447266,7077400,0.0038365642896995844
407,SHW,2025-06-17,333.92999267578125,335.1600036621094,329.1400146484375,331.0299987792969,331.0299987792969,1593300,-0.00868443673851138
408,SJM,2025-06-17,95.0199966430664,95.73999786376953,94.3499984741211,94.5,94.5,1600500,-0.005472496963136342
409,SLB,2025-06-17,36.220001220703125,36.599998474121094,35.849998474121094,36.08000183105469,36.08000183105469,16168200,-0.003865250826342148
410,SMCI,2025-06-17,43.2400016784668,44.220001220703125,42.90999984741211,43.11000061035156,43.11000061035156,20668100,-0.0030065000709741385
411,SNA,2025-06-17,310.32000732421875,312.2300109863281,306.05999755859375,307.2799987792969,307.2799987792969,369800,-0.009796366567321302
412,SNPS,2025-06-17,477.80999755859375,484.5299987792969,473.82000732421875,475.3999938964844,475.3999938964844,765500,-0.005043853570296686
413,SO,2025-06-17,88.94999694824219,89.18000030517578,87.8499984741211,88.41999816894531,88.41999816894531,4413400,-0.0059583900784759836
414,SOLV,2025-06-17,73.8499984741211,73.95500183105469,72.06500244140625,72.76000213623047,72.76000213623047,733300,-0.014759598651482575
415,SPG,2025-06-17,157.77000427246094,158.50999450683594,156.42999267578125,157.1300048828125,157.1300048828125,1388000,-0.004056534019883706
416,SPGI,2025-06-17,502.07000732421875,504.989990234375,499.5400085449219,501.07000732421875,501.07000732421875,1197000,-0.0019917541088134705
417,SRE,2025-06-17,73.48999786376953,74.27999877929688,73.05999755859375,74.08000183105469,74.08000183105469,4107300,0.008028357387883656
418,STE,2025-06-17,238.92999267578125,239.57000732421875,236.39999389648438,237.0800018310547,237.0800018310547,563700,-0.0077428154749785705
419,STLD,2025-06-17,131.5800018310547,134.41000366210938,130.5500030517578,133.16000366210938,133.16000366210938,1098300,0.012007917685571856
420,STT,2025-06-17,96.7300033569336,97.33000183105469,96.16000366210938,96.43000030517578,96.43000030517578,1267000,-0.0031014477550548314
421,STX,2025-06-17,130.4499969482422,133.5,130.0,130.8699951171875,130.8699951171875,3410800,0.003219610416027363
422,STZ,2025-06-17,162.0,162.57000732421875,159.91000366210938,160.55999755859375,160.55999755859375,2593000,-0.008888903959297867
423,SW,2025-06-17,42.880001068115234,43.58000183105469,42.65999984741211,42.790000915527344,42.790000915527344,3126000,-0.002098884103219234
424,SWK,2025-06-17,65.37999725341797,65.86000061035156,63.84000015258789,64.13999938964844,64.13999938964844,2596500,-0.01896601278466259
425,SWKS,2025-06-17,71.26000213623047,72.47000122070312,71.20999908447266,71.52999877929688,71.52999877929688,3268000,0.003788894681061583
426,SYF,2025-06-17,60.529998779296875,61.02000045776367,60.0099983215332,60.279998779296875,60.279998779296875,2862800,-0.004130183463435078
427,SYK,2025-06-17,376.44000244140625,376.989990234375,370.8500061035156,373.3699951171875,373.3699951171875,1338100,-0.008155369525842615
428,SYY,2025-06-17,74.51000213623047,74.80000305175781,74.11000061035156,74.25,74.25,2351100,-0.0034894930717501715
429,T,2025-06-17,27.850000381469727,27.969999313354492,27.59000015258789,27.649999618530273,27.649999618530273,35253700,-0.007181355842010184
430,TAP,2025-06-17,49.36000061035156,50.04999923706055,49.290000915527344,49.34000015258789,49.34000015258789,2987300,-0.00040519565470742425
431,TDG,2025-06-17,1422.31005859375,1435.0799560546875,1420.0,1425.3800048828125,1425.3800048828125,217600,0.002158422680422989
432,TDY,2025-06-17,486.54998779296875,491.2799987792969,483.54998779296875,490.6499938964844,490.6499938964844,332100,0.00842669038409305
433,TECH,2025-06-17,50.900001525878906,51.2400016784668,49.099998474121094,49.5,49.5,2335100,-0.02750494074478782
434,TEL,2025-06-17,164.80999755859375,165.5,162.89999389648438,163.66000366210938,163.66000366210938,1579400,-0.0069776950034571295
435,TER,2025-06-17,86.81999969482422,88.18000030517578,86.01000213623047,86.43000030517578,86.43000030517578,2991500,-0.00449204550816984
436,TFC,2025-06-17,39.040000915527344,39.41999816894531,38.880001068115234,39.029998779296875,39.029998779296875,6678300,-0.0002562022539935871
437,TGT,2025-06-17,96.66999816894531,96.83999633789062,94.86000061035156,95.0199966430664,95.0199966430664,7189800,-0.017068393060226228
438,TJX,2025-06-17,123.47000122070312,124.5999984741211,122.72000122070312,123.01000213623047,123.01000213623047,4260700,-0.0037255939088427503
439,TKO,2025-06-17,167.41000366210938,167.97000122070312,165.88999938964844,167.9600067138672,167.9600067138672,859700,0.0032853655081921396
440,TMO,2025-06-17,400.0,403.55999755859375,389.8599853515625,390.260009765625,390.260009765625,3039600,-0.024349975585937544
441,TMUS,2025-06-17,221.89999389648438,222.5,220.0,221.42999267578125,221.42999267578125,12422800,-0.0021180767626446384
442,TPL,2025-06-17,1105.199951171875,1119.199951171875,1078.300048828125,1087.5999755859375,1087.5999755859375,154600,-0.01592469812116415
443,TPR,2025-06-17,82.81999969482422,83.70999908447266,82.52999877929688,82.76000213623047,82.76000213623047,3343900,-0.0007244332143785392
444,TRGP,2025-06-17,172.85000610351562,173.74000549316406,169.6300048828125,169.64999389648438,169.64999389648438,1296300,-0.018513231669282315
445,TRMB,2025-06-17,72.18000030517578,72.81999969482422,71.5,71.76000213623047,71.76000213623047,916400,-0.005818760974917847
446,TROW,2025-06-17,93.25,93.25,91.29000091552734,91.58000183105469,91.58000183105469,1122500,-0.017908827549011352
447,TRV,2025-06-17,263.6000061035156,265.010009765625,262.17999267578125,264.4100036621094,264.4100036621094,1076000,0.0030728282998433443
448,TSCO,2025-06-17,51.310001373291016,52.04999923706055,50.65999984741211,50.97999954223633,50.97999954223633,4923700,-0.0064315303492950004
449,TSLA,2025-06-17,326.0899963378906,327.260009765625,314.739990234375,316.3500061035156,316.3500061035156,87454300,-0.029869024943293687
450,TSN,2025-06-17,54.849998474121094,55.369998931884766,54.68000030517578,54.72999954223633,54.72999954223633,2377300,-0.002187765455296864
451,TT,2025-06-17,422.5,425.8500061035156,421.3399963378906,421.95001220703125,421.95001220703125,1074500,-0.0013017462555473536
452,TTWO,2025-06-17,238.61000061035156,239.55999755859375,236.14999389648438,237.52000427246094,237.52000427246094,1713100,-0.004568108357162148
453,TXN,2025-06-17,198.0,200.6199951171875,196.8800048828125,197.69000244140625,197.69000244140625,4655700,-0.0015656442353220168
454,TXT,2025-06-17,76.87999725341797,77.5199966430664,76.51000213623047,76.86000061035156,76.86000061035156,2154900,-0.000260102026285125
455,TYL,2025-06-17,584.5599975585938,586.2999877929688,578.3499755859375,580.5599975585938,580.5599975585938,246700,-0.00684275355259667
456,UAL,2025-06-17,77.01000213623047,77.25,73.05000305175781,73.66999816894531,73.66999816894531,9375200,-0.043371041093813956
457,UBER,2025-06-17,84.56999969482422,85.4800033569336,84.23999786376953,84.76000213623047,84.76000213623047,13664700,0.0022466884485263794
458,UDR,2025-06-17,40.88999938964844,41.15999984741211,40.720001220703125,40.97999954223633,40.97999954223633,2761400,0.0022010309105231496
459,UHS,2025-06-17,167.99000549316406,172.67999267578125,166.10000610351562,171.75999450683594,171.75999450683594,1358100,0.022441745880086295
460,ULTA,2025-06-17,470.6400146484375,478.5899963378906,469.6499938964844,471.75,471.75,813800,0.0023584593681258426
461,UNH,2025-06-17,307.45001220703125,309.95001220703125,305.5199890136719,308.8699951171875,308.8699951171875,11548500,0.004618581407634048
462,UNP,2025-06-17,223.77000427246094,224.00999450683594,219.64999389648438,220.58999633789062,220.58999633789062,2767900,-0.014211055431264885
463,UPS,2025-06-17,100.54000091552734,100.91000366210938,99.31999969482422,99.66999816894531,99.66999816894531,3798700,-0.0086532995689248
464,URI,2025-06-17,685.0399780273438,712.75,685.0399780273438,694.989990234375,694.989990234375,627200,0.014524717572956147
465,USB,2025-06-17,42.970001220703125,43.16999816894531,42.61000061035156,42.689998626708984,42.689998626708984,10921100,-0.0065162342573831245
466,V,2025-06-17,353.489990234375,359.6000061035156,353.32000732421875,357.8399963378906,357.8399963378906,5557600,0.012305881987298761
467,VICI,2025-06-17,32.16999816894531,32.345001220703125,31.920000076293945,32.31999969482422,32.31999969482422,6004400,0.004662776947985892
468,VLO,2025-06-17,139.38999938964844,142.92999267578125,137.82000732421875,141.77000427246094,141.77000427246094,4291600,0.0170744306853714
469,VLTO,2025-06-17,97.61000061035156,98.22000122070312,96.98999786376953,97.44000244140625,97.44000244140625,1031100,-0.0017416060637467368
470,VMC,2025-06-17,260.17999267578125,261.19000244140625,258.3599853515625,259.0400085449219,259.0400085449219,662500,-0.004381521112116982
471,VRSK,2025-06-17,308.8999938964844,309.2799987792969,306.1700134277344,307.2300109863281,307.2300109863281,537300,-0.00540622513160649
472,VRSN,2025-06-17,280.67999267578125,285.5,279.5199890136719,283.9599914550781,283.9599914550781,768500,0.011685901613534888
473,VRTX,2025-06-17,449.42999267578125,452.7099914550781,440.75,441.989990234375,441.989990234375,1363300,-0.01655430781802203
474,VST,2025-06-17,179.00999450683594,181.1999969482422,175.3000030517578,177.75,177.75,4165100,-0.00703868245070427
475,VTR,2025-06-17,63.0099983215332,63.06999969482422,62.38999938964844,62.7599983215332,62.7599983215332,3404800,-0.003967624292326999
476,VTRS,2025-06-17,8.899999618530273,8.970000267028809,8.710000038146973,8.760000228881836,8.760000228881836,9570700,-0.015730269174051625
477,VZ,2025-06-17,42.79999923706055,42.81999969482422,41.810001373291016,41.849998474121094,41.849998474121094,23011900,-0.022196279903595073
478,WAB,2025-06-17,202.60000610351562,203.1699981689453,200.27000427246094,200.92999267578125,200.92999267578125,740700,-0.00824290906921843
479,WAT,2025-06-17,343.3399963378906,346.2699890136719,338.9599914550781,341.1000061035156,341.1000061035156,322300,-0.006524116788801271
480,WBA,2025-06-17,11.390000343322754,11.40999984741211,11.359999656677246,11.390000343322754,11.390000343322754,4328800,0.0
481,WBD,2025-06-17,10.75,10.819999694824219,10.329999923706055,10.579999923706055,10.579999923706055,46815700,-0.015813960585483233
482,WDAY,2025-06-17,245.64999389648438,246.52999877929688,242.3800048828125,242.6999969482422,242.6999969482422,1818500,-0.01200894370665162
483,WDC,2025-06-17,58.08000183105469,60.59000015258789,57.880001068115234,58.56999969482422,58.56999969482422,9616000,0.008436602071653754
484,WEC,2025-06-17,104.36000061035156,104.66000366210938,103.02999877929688,104.0999984741211,104.0999984741211,2328700,-0.0024913964613821893
485,WELL,2025-06-17,150.82000732421875,152.05999755859375,149.6999969482422,151.8699951171875,151.8699951171875,4055700,0.006961860111248885
486,WFC,2025-06-17,72.77999877929688,73.20999908447266,72.30000305175781,72.5,72.5,14152800,-0.0038471940642093028
487,WM,2025-06-17,234.3000030517578,235.27000427246094,232.8699951171875,234.3000030517578,234.3000030517578,872500,0.0
488,WMB,2025-06-17,59.4900016784668,59.599998474121094,58.380001068115234,58.5,58.5,7467400,-0.01664148008967259
489,WMT,2025-06-17,93.94999694824219,94.81999969482422,93.62000274658203,94.25,94.25,14924700,0.0031932204523974494
490,WRB,2025-06-17,72.9800033569336,73.16999816894531,72.43000030517578,72.88999938964844,72.88999938964844,1329800,-0.0012332688838744277
491,WSM,2025-06-17,156.9499969482422,161.1300048828125,156.07000732421875,156.92999267578125,156.92999267578125,1659800,-0.0001274563418279806
492,WST,2025-06-17,222.30999755859375,223.88999938964844,217.67999267578125,218.05999755859375,218.05999755859375,444400,-0.019117448817747573
493,WTW,2025-06-17,295.8699951171875,297.9100036621094,294.3999938964844,297.7900085449219,297.7900085449219,651200,0.006489382023932233
494,WY,2025-06-17,26.700000762939453,26.700000762939453,25.790000915527344,25.8700008392334,25.8700008392334,3307100,-0.03108613857637499
495,WYNN,2025-06-17,88.19000244140625,88.33000183105469,86.77999877929688,87.27999877929688,87.27999877929688,1325100,-0.010318671469750629
496,XEL,2025-06-17,66.80000305175781,66.80000305175781,65.47000122070312,65.6500015258789,65.6500015258789,3460200,-0.017215590918279844
497,XOM,2025-06-17,113.94999694824219,114.93000030517578,113.11000061035156,114.0,114.0,19434000,0.0004388157358223843
498,XYL,2025-06-17,126.88999938964844,127.30999755859375,125.25,125.37000274658203,125.37000274658203,824100,-0.011978852946471052
499,YUM,2025-06-17,141.3000030517578,142.14999389648438,139.27999877929688,139.99000549316406,139.99000549316406,1892900,-0.0092710370155753
500,ZBH,2025-06-17,91.2300033569336,91.98999786376953,90.08999633789062,90.20999908447266,90.20999908447266,1677200,-0.0111805791398496
501,ZBRA,2025-06-17,290.760009765625,295.8399963378906,289.1099853515625,289.3599853515625,289.3599853515625,570200,-0.004815051475583032
502,ZTS,2025-06-17,163.86000061035156,164.3300018310547,160.89999389648438,161.6699981689453,161.6699981689453,2198000,-0.013365082590313992
